Gene,Original mapping,Remapping
MRPL23*,9.87887,58.8533
AL359649.1,21.6115,59.8623
IQCK,37.6549,59.8168
LINC02184*,8.4865,58.669
AL050303.3*,17.7625,40.7406
SMIM11A,2.48004,59.8614
CRYAA*,10.3892,59.4968
SIK1*,9.78259,59.5527
ICOSLG,12.1918,59.6367
DGCR6*,12.0083,48.5941
RBPMS,34.2236,59.8844
TRPM3*,19.508,59.8732
